"h","periodo","DM_stat","p_value","significativo"
12,"Full Sample",3.38247508421341,0.000405254309125345,TRUE
12,"Pre-GFC",3.46437297698156,0.000392038440106645,TRUE
12,"GFC",1.40664628059255,0.0882815890044845,TRUE
12,"Post-GFC_Pre-COVID",1.68573156742156,0.0471612091864287,TRUE
12,"COVID",0.696348894628979,0.24810138380855,FALSE
12,"High Inflation",2.73490371591208,0.00590188688788352,TRUE
12,"Post-Inflation",0.798369274444166,0.216595273128964,FALSE
