"h","periodo","DM_stat","p_value","significativo"
1,"Full Sample",-1.09312088888583,0.862405278440046,FALSE
1,"Pre-GFC",0.940537317771803,0.174604228381264,FALSE
1,"GFC",-0.440459475753524,0.66757586784874,FALSE
1,"Post-GFC_Pre-COVID",-1.82407872950569,0.964745103332903,FALSE
1,"COVID",-1.06205430125216,0.848010285094893,FALSE
1,"High Inflation",0.162381925586125,0.436211642040638,FALSE
1,"Post-Inflation",1.37161247919773,0.0920059633797055,TRUE
