"h","periodo","DM_stat","p_value","significativo"
3,"Full Sample",-0.6164237466756,0.730966361597895,FALSE
3,"Pre-GFC",1.90387330762612,0.0299007659811176,TRUE
3,"GFC",-1.11288445182483,0.859799931874728,FALSE
3,"Post-GFC_Pre-COVID",-1.1816518851225,0.880215368725637,FALSE
3,"COVID",-1.41267541872875,0.911546185694642,FALSE
3,"High Inflation",0.665830060144811,0.256071437601077,FALSE
3,"Post-Inflation",1.33423642113633,0.0978868403497477,TRUE
