"h","periodo","DM_stat","p_value","significativo"
6,"Full Sample",1.89919619997561,0.0292334197019116,TRUE
6,"Pre-GFC",2.59865412331469,0.0053866121115265,TRUE
6,"GFC",1.45609265216884,0.0812942937225804,TRUE
6,"Post-GFC_Pre-COVID",-0.393756676634144,0.65278688247947,FALSE
6,"COVID",-0.376049644003276,0.644090230042468,FALSE
6,"High Inflation",1.22074457529777,0.117275215842126,FALSE
6,"Post-Inflation",1.97978832066663,0.0301863972437196,TRUE
